,id_answer,id_website,id_subquestion,id_person,answer,spray_number,timestamp,certainty,terms
10,29480,1282,27468,93562,More trees in urban spaces and next to roads to mitigate the effects of pollution,1,2023-08-21 14:06:41,6,pollution
11,29481,1282,27469,93562,On top of some of the fells as I don't think trees would naturally grow there,1,2023-08-21 14:07:50,5,
14,29484,1282,27468,93565,I think the areas where there are already trees. I am unsure where it is considered good/bad for them to be.,1,2023-08-21 14:19:26,2,
17,29487,1282,27468,93566,"More trees anywhere that they can grow, there aren't enough trees.",1,2023-08-21 14:53:47,10,
21,29491,1282,27468,93569,areas where there is farmland? and areas that are near trees but seem to have fewer trees,1,2023-08-21 15:24:27,2,farmland
23,29493,1282,27469,93569,at the top of the hills where trees dont seem to grow. makes it easier to see nice views too,1,2023-08-21 15:26:03,1,
25,29495,1282,27468,93567,There should be more trees in places that have replaced trees with farmland.,1,2023-08-21 15:29:50,3,farmland
26,29496,1282,27469,93567,,1,2023-08-21 15:30:09,1,
29,29499,1282,27468,93570,"Increase of existing forest size, more trees where farmland and human landscapes are. Return to how landscape would have been before human interference.",1,2023-08-21 15:43:33,9,"farmland,interference"
30,29500,1282,27469,93570,Anywhere they aren't naturally existing in mountain areas.,1,2023-08-21 15:44:08,9,
33,29503,1282,27468,93571,MORE TREES GOOD,1,2023-08-21 15:47:54,10,
34,29504,1282,27469,93571,No trees in water,1,2023-08-21 15:48:16,10,
37,29507,1282,27468,93591,"In areas that are built up, it's still nice to have nature nearby, & the benefits of trees go a small way to off-setting some of the damage done by industrialisation. Equally, where there are already areas of trees, it would be nice to see these expanded into more developed areas.",1,2023-08-22 09:39:02,5,"industrialisation,nature"
40,29510,1282,27468,93592,"Increasing the size of existing woodland, allowing the fellside to continue to be grazed as a key part of the cultural heritage of the landscape.",1,2023-08-22 09:46:06,6,heritage
41,29511,1282,27469,93592,Fellside for adequate grazing to maintain cultural heritage.,1,2023-08-22 09:46:59,2,"grazing,heritage"
44,29514,1282,27468,93593,I would love to see more trees in areas that are  farmed so that it creates a richer more biodiverse landscape,1,2023-08-22 10:19:42,10,
47,29517,1282,27468,93595,"Not on top of fells because might not survive conditions, but on slopes and beside water. Fields could be replanted or supplemented with trees.",1,2023-08-22 10:25:50,7,
48,29518,1282,27469,93595,Too high to survive up on the tops of the fells,1,2023-08-22 10:26:23,4,
55,29525,1282,27468,93590,"I'd like to see more in Grasmere itself as it's quite urban compared to surrounding areas, and some large woodland such as to the west would be great",1,2023-08-22 11:38:08,4,
56,29526,1282,27469,93590,I think too many trees around lakes are a bit offputting because it hides the beauty of the lake so keeping it quite open is nice,1,2023-08-22 11:38:48,3,lake
57,29527,1282,27468,93599,I believe it would be good to see more trees around the inhabited areas but also it would be good to have trees wherever they naturally grow within the landscape,1,2023-08-22 11:39:00,6,
60,29530,1282,27468,93601,not many trees up there,1,2023-08-22 11:43:27,2,
61,29531,1282,27469,93601,so you can have a clear view around,1,2023-08-22 11:43:51,10,
65,29535,1282,27469,93600,Prefer natural rugged terrain,1,2023-08-22 11:47:33,6,
67,29537,1282,27469,93604,if im honest as a visitor it's noce to see the lakes so it would be nice for there not to be trees around the lakes also for access but trees interspersed can be valuable too. bit again would liek to research the area more,1,2023-08-22 11:50:47,5,lake
70,29540,1282,27468,93608,we need to reverse the deforestation within these areas,1,2023-08-22 12:20:33,8,
73,29543,1282,27468,93609,MORE TREES PLEASE! ,1,2023-08-22 13:07:07,10,
77,29547,1282,27468,93607,"Places I can walk, without interfering with the local farming",1,2023-08-22 13:19:17,6,farming
78,29548,1282,27469,93607,The Cragg's and the high peaks,1,2023-08-22 13:20:26,6,cragg
80,29550,1282,27468,93611,Tried to follow the existing patterns of trees and extend outwards,1,2023-08-22 13:22:49,4,
83,29553,1282,27469,93616,Open fells,1,2023-08-22 13:42:03,8,
87,29557,1282,27468,93617,I would supportre-introduction of broad-leaved /indigenous tree species  in certain areas/valley bottoms/near streams/rivers as a way of boosting wildlife /providing more sheltered habitats ,1,2023-08-22 14:27:33,7,"river,wildlife,habitat"
89,29559,1282,27468,93615,"I feel the fells seem uncharacteristically bare and I wonder if humans have influenced this. I'd love more wild forests in general, as long as we avoid monocultures.",1,2023-08-22 14:30:00,4,human
94,29564,1282,27468,93638,Reforesting on the slopes of the fells,1,2023-08-23 09:18:27,6,
95,29565,1282,27469,93638,"On the highest ground - more difficult to climb/views, a selfish motivation perhaps!",1,2023-08-23 09:19:30,3,
96,29566,1282,27468,93637,"Trees are important for wildlife, combat impact of deforestation ",1,2023-08-23 09:19:32,6,
99,29569,1282,27468,93639,"I'm not sure if they are mountainous or not, but I'm all for expanding the forest",1,2023-08-23 10:06:25,1,
102,29572,1282,27469,93642,Everywhere is good for trees but the town seems to have lots/enough,1,2023-08-23 10:24:21,9,
105,29575,1282,27468,93640,,1,2023-08-23 10:42:38,7,
106,29576,1282,27469,93640,,1,2023-08-23 10:43:12,8,
113,29583,1282,27468,93654,Greenery is always a great for all aspects of the bio system,1,2023-08-23 11:54:00,7,
115,29585,1282,27468,93663,"throughout the middle ground.  not by the lakeshores, not on the upper fells",1,2023-08-23 13:27:34,9,lakeshore
116,29586,1282,27469,93663,,1,2023-08-23 13:30:53,9,
121,29591,1282,27468,93662,"Have chosen higher areas; once again, am not that knowledgeable, but increasing the amount of tress /forest seems key to aiding sustainable eco-systems / supporting 'nature",1,2023-08-23 14:47:56,6,nature
122,29592,1282,27469,93673,wouldnt want access to the lakes resricted ,1,2023-08-23 14:48:25,8,lake
123,29593,1282,27469,93662,maintaining current views of the lakes,1,2023-08-23 14:48:51,7,lake
126,29596,1282,27468,93674,I've tried to indicate the bare hills. I'd quite like to see them as they may have been before farmers and sheep,1,2023-08-23 15:03:04,9,farmer
127,29597,1282,27469,93674,I don't wish to see housing lost to trees,1,2023-08-23 15:04:08,9,housing
130,29600,1282,27468,93676,more trees on the lower slopes of the hills but must be 'local' ,1,2023-08-23 15:18:39,5,
131,29601,1282,27469,93676,on the very tops of hills,1,2023-08-23 15:19:07,4,
134,29604,1282,27468,93677,"These are area I assume would naturally have trees, but I may be wrong.",1,2023-08-23 15:49:52,4,
135,29605,1282,27469,93677,These are areas I assume would not naturally have trees.,1,2023-08-23 15:50:48,5,
137,29610,1282,27468,93690,"Trees have been removed from hills and mountains by intensive sheep grazing, which has reduced natural biodiversity and destroyed natural river catchments.  This has to be reversed!",1,2023-08-24 11:24:17,10,"grazing,river,biodiversity,catchment,sheep"
140,29613,1282,27468,93691,"These sites appeared to me as empty fields, Sites to the upper right and central and bottom left of the map I perceived to be hilltops where trees may not be suitable due to high winds/ rock/stone soils",1,2023-08-24 11:49:38,6,
141,29614,1282,27469,93691,These were areas I perceived to be high hilltop areas which I was not sure would be suitable for tree placement. High winds during autumn/ winter seasons and rocky soils could be unsuitable for tree species? Also rain runoff could maybe erode tree roots and cause uprooting??,1,2023-08-24 11:52:38,3,runoff
146,29619,1282,27468,93694,"linking the existing tree cover into one contiguous space, this will help the creation of a suitable habitat for a range of animals and plants and increase the carbon capture. trees need to be a diverse mix to encourage diverse environment.",1,2023-08-24 12:11:00,8,habitat
147,29620,1282,27468,93693,Only if they are native trees.  Could plant more on slopes to stop erosion and increase fauna habitat.,1,2023-08-24 12:13:31,4,"fauna,habitat"
148,29621,1282,27469,93693,Would probably not plant on top of the hills because of the topography and the beauty of the landscape.,1,2023-08-24 12:16:16,5,
151,29624,1282,27469,93698,no more trees needed...,1,2023-08-24 13:33:31,10,
160,29633,1282,27469,93707,To protect the views.,2,2023-08-24 15:57:56,10,
162,29635,1282,27469,93699,I  have selected around the village and also places around the lake where the views might be obstructed. When planting trees I think it will be impoortant to create managed viewpoints ,1,2023-08-24 15:58:29,5,"village,viewpoint,lake"
163,29636,1282,27468,93697,More trees for squirrel corridors,1,2023-08-24 15:59:10,8,corridor
164,29637,1282,27469,93697,Not a fan of covering the fells in trees. ,1,2023-08-24 15:59:55,7,
167,29640,1282,27468,93727,"There ought to be more trees everywhere generally, particularly on the mountainsides. trees on the fields closest to the lake may help lessen flooding in the area, and keep the valley cooler in hot weather - flooding and high temperatures will become more common in the near future, due to climate change",1,2023-08-25 09:42:10,7,"temperature,flooding,lake"
168,29641,1282,27469,93727,"Local farming needs land and resources, so it's important not the strip farmers of all their resources. Trees would also not survive well on the very tops of the fells",1,2023-08-25 09:43:41,4,"farmer,farming"
173,29646,1282,27468,93726,trees are helpful everywhere especially in the face of climate change! ,1,2023-08-25 09:54:45,10,climate
174,29647,1282,27468,93729,"I assume the mountains are naturally barren, but the lower regions have been more developed and could benefit from some rewilding. But if the mountains are also barren due to grazing, then more trees up there too! Basically, I like to see more trees where it's natural - and ecologically valuable - for them to be.",1,2023-08-25 09:55:46,6,"barren,rewilding"
180,29653,1282,27468,93734,everywhere,1,2023-08-25 11:27:11,8,
182,29655,1282,27468,93732,Areas of open space,1,2023-08-25 11:29:17,5,
183,29656,1282,27468,93732,Area of open space,2,2023-08-25 11:29:40,6,
186,29659,1282,27468,93742,just a guess,1,2023-08-25 11:49:02,2,
191,29664,1282,27468,93741,Unforested areas. Unsure as this would create a different landscape.,1,2023-08-25 12:06:12,2,
192,29665,1282,27469,93741,Part of me would like to keep the scenery as wonderful as it is. In contrast to what I perceive as good for the environment.,1,2023-08-25 12:08:14,5,
193,29666,1282,27468,93743,not conifer indigenous native treesbest,1,2023-08-25 12:09:31,5,
196,29669,1282,27468,93745,"THis is a difficult question. Trees would probably enhance the ecosystem, but changes in what is perceived as 'how the Lake District' looks would be controversial.",2,2023-08-25 13:28:09,5,"lake,ecosystem"
202,29675,1282,27468,93744,uphill to reduce erosion,1,2023-08-25 14:17:34,7,
204,29677,1282,27469,93744,keep the fields open,1,2023-08-25 14:19:04,7,
205,29678,1282,27468,93747,"on the sides of the fells, where we see the sheep today as well as ferns instead of trees.",1,2023-08-25 14:19:11,8,
206,29679,1282,27469,93749,in the summits,1,2023-08-25 14:20:38,10,
207,29680,1282,27469,93747,where there are already trees and where the land is used for agricultural purposes (maybe that land is needed for someone's livelihood ?),1,2023-08-25 14:23:22,5,
210,29683,1282,27468,93752,"Would be nice to increase some of the existing woodland areas. Not everywhere is suitable for woodland growth, and personally, I do like the bare landscape as well.",1,2023-08-25 14:41:19,8,
211,29684,1282,27469,93752,I'd like some new mixed woodland but there are a couple of spots where I'd like to keep some unwooded areas.,1,2023-08-25 14:51:02,6,
215,29688,1282,27468,93754,"Around the lakes - it just looks so beautiful seeing trees next to water, and along roads to reduce noise pollution. ",1,2023-08-25 15:10:29,8,"noise,road,lake,pollution"
217,29690,1282,27469,93754,"Trees on top of the fells would prevent good views, but of course this is a slightly superficial claim. ",1,2023-08-25 15:11:11,3,
218,29691,1282,27468,93751,along the lake to support reduction of noise pollution,1,2023-08-25 15:11:55,10,"pollution,lake,noise"
224,29697,1282,27468,93774,The fells are amazing - but not particularly biodiverse so extending the tree line would be a decent balance. I've assumed that native trees would be growing.,1,2023-08-26 11:06:22,5,biodiverse
225,29698,1282,27469,93774,,1,2023-08-26 11:07:27,9,
227,29700,1282,27468,93773,"It would be good to see more trees for wildlife, and to reduce flooding. I don't really know how high up trees will happily grow!",1,2023-08-26 11:12:49,2,wildlife
228,29701,1282,27469,93773,"Not in the lakes, obviously. And maybe not on the very tops of the hills. Although maybe how well that would work would depend on how densely planted they are.",1,2023-08-26 11:14:26,3,lake
233,29706,1282,27469,93776,"on the top of the fells. it would not be in keeping with the structure, area.",1,2023-08-26 11:46:48,8,
234,29707,1282,27468,93775,"Although I'm not especially familiar with Lakeland landscapes, I imagine that the fells once had many more trees which have declined due to human management of the landscape. It would be nice to restore these in some places.",1,2023-08-26 11:47:15,6,
235,29708,1282,27469,93775,I think trees are very valuable and so I don't think there are areas I'd prefer not to see trees where trees are able to grow.,1,2023-08-26 11:48:10,10,
241,29714,1282,27468,93781,Natural forest and manicured planting ,2,2023-08-26 13:01:25,8,
243,29716,1282,27469,93781,Hills and clear grazing needed ,1,2023-08-26 13:01:54,6,grazing
246,29719,1282,27468,93780,As much as possible in towns and villages etc,1,2023-08-26 13:04:16,8,village
247,29720,1282,27469,93780,Around the edge of lakes - spoils view and access,1,2023-08-26 13:05:17,10,lake
257,29730,1282,27468,93785,Where it won't affect views too much but would add benefits of woodland,1,2023-08-26 14:49:05,7,
259,29732,1282,27469,93785,"Allow people to get near the water and see views of it, don't cut off with trees.  
Don't affect the views of the fell tops which people like to see from a distance.",1,2023-08-26 14:51:26,5,
261,29734,1282,27468,93786,Anywhere that there's no trees,1,2023-08-26 14:53:24,5,
262,29735,1282,27469,93786,In places where trees can't be planted or where is wouldn't make sense to put them (e.g. i the middle of a road).,1,2023-08-26 14:55:15,5,road
268,29746,1282,27468,93808,Making the forest areas bigger.,1,2023-08-27 12:18:53,8,
269,29747,1282,27468,93810,i like walking though trees and they look nice,1,2023-08-27 12:19:47,7,
270,29748,1282,27469,93808,These areas are higher so trees would block views.,1,2023-08-27 12:20:05,8,
271,29749,1282,27469,93810,at the top of hills you want a nice veiw,1,2023-08-27 12:20:52,7,
275,29753,1282,27468,93817,I THINK THAT SOME OF THE FLATTER AREAS COULD HAVE MORE TREES PLANTED ON THEM.,1,2023-08-27 12:29:52,6,
277,29755,1282,27468,93816,To block out physical human activity and reduce noise pollution of traffic,1,2023-08-27 12:30:58,9,pollution
278,29756,1282,27469,93816,"Farming land
& 
High altitude areas where trees would not survive or would be invasive ",1,2023-08-27 12:32:03,10,
282,29760,1282,27468,93819,I think more trees would be beneficial in areas where there aren't that many. ,1,2023-08-27 12:38:14,5,
284,29762,1282,27469,93819,It would be a shame to cover up the lake with forestry.,1,2023-08-27 12:39:01,5,lake
285,29763,1282,27468,93818,"Over cultivated land, allowing for more ecosystems to grow and flourish",1,2023-08-27 12:39:11,8,ecosystem
286,29764,1282,27469,93818,Places where the unique ecosystem has already been established,1,2023-08-27 12:40:01,6,ecosystem
290,29768,1282,27468,93820,Enough for wildlife but not spoiling mountain views,1,2023-08-27 13:16:09,5,wildlife
292,29770,1282,27469,93820,"High peaks, rugged rocks and beautiful views",1,2023-08-27 13:18:56,5,
293,29771,1282,27468,93821,"I don't want to spoil the views of the area or impose upon the economically useful land of farmers. I think thicker, denser forests that can become more wild with less human input would be beneficial.",1,2023-08-27 13:21:27,6,farmer
294,29772,1282,27469,93821,"Don't want to spoil the views or damage the economic viability of the area or negatively effect peoples livelihoods. However, I think more trees are a necessity in any landscape and striking the economic/environmental landscape.",1,2023-08-27 13:24:50,3,
297,29775,1282,27469,93824,,1,2023-08-27 15:15:16,1,
301,29779,1282,27468,93823,More trees along roads,1,2023-08-27 15:17:59,8,road
302,29780,1282,27469,93823,Preference to keep the peaks free from trees / they're more difficult to plant,1,2023-08-27 15:18:38,6,
307,29785,1282,27468,93840,"more dense woodland to break up roads and towns, giving more tranquility ",1,2023-08-27 15:33:30,7,road
308,29786,1282,27468,93839,Some more areas of trees around some of the lake and town. Not sure if steep hill areas need more trees,1,2023-08-27 15:33:55,5,lake
309,29787,1282,27469,93840,keeping the tops of the hills naturally open to preserve its natural beauty,1,2023-08-27 15:34:17,4,
310,29788,1282,27469,93839,Higher ground and near some of the lake areas.,1,2023-08-27 15:34:44,3,lake
312,29794,1282,27468,93876,"I'd like to see trees and montane vegetation returned to the fells up to the natural tree line.
Riparian corridors, gullies and lake edge. Native broadleaf with native conifer eg Scots Pine, montane scrub and native ground flora. Wood pasture.",2,2023-08-29 09:35:47,10,"scrub,corridor,pasture"
313,29795,1282,27469,93878,"I'd be wary of replanting large trees immediately adjacent to A591. Increasing frequency of severe storm conditions and disease makes our main road through the lakes vulnerable to road closures caused by fallen trees. eg Aftermath of storm Desmond had severe impacts for local residents when road was closed for 5 months. I'd like to see tree/scrub cover higher up the fells and and adjacent to watercourses to alleviate flood risk lower down. Currently, a lot of the floodwater that rushes down off off the fells is a result of overgrazing and lack of appropriate vegetative cover to slow the flow of water. I'd love to see Beavers re-introduced as part of land management changes in the Lakes to contribute to flood mitigation and habitat restoration. ",1,2023-08-29 09:42:43,5,"floodwater,flood,lakes,overgrazing,habitat,road,lake"
316,29798,1282,27468,93875,Around the valleys,1,2023-08-29 09:59:32,5,
318,29800,1282,27468,93879,"have always been a stalwart of Hazel with standards.  mixed deciduous woodland with glades  so manage our woodlands and using local crafts people to sell the produce.  lets produce our own charcoal, wild life corridoors",1,2023-08-29 10:23:52,9,corridoors
319,29801,1282,27469,93879,"grazing farmland, viewpoints, tops of mountains",1,2023-08-29 10:27:18,10,"farmland,viewpoint"
324,29806,1282,27468,93882,"I'd love to see more trees everywhere, and believe it would help to reduce the impact of flooding on the villages and towns ",1,2023-08-29 10:43:09,10,village
327,29809,1282,27468,93883,Native hardwood treeplanting is amongst the most important and urgent things we can do; I'd like to see treeplanting as a systemic cultural activity. ,1,2023-08-29 10:50:53,9,
329,29811,1282,27468,93884,screen for car park,1,2023-08-29 11:07:15,6,"park,screen"
330,29812,1282,27469,93884,,1,2023-08-29 11:08:02,6,
332,29814,1282,27468,93886,Perhaps in areas where there are already trees and these could be extended,1,2023-08-29 11:11:40,6,
333,29815,1282,27468,93885,I would like to see more trees on and around the village itself to keep the local area beautiful.,1,2023-08-29 11:13:09,7,village
337,29819,1282,27468,93887,,1,2023-08-29 11:27:54,7,
340,29822,1282,27468,93894,trees are so important right now as we have lost lots to disease etc,1,2023-08-29 12:25:41,9,
344,29826,1282,27468,93889,,1,2023-08-29 12:27:41,7,
346,29828,1282,27468,93890,on slopes to stop erosion,1,2023-08-29 12:28:51,6,
347,29829,1282,27469,93890,Agricultural land ,1,2023-08-29 12:29:43,6,
350,29832,1282,27469,93896,,1,2023-08-29 12:35:54,9,
356,29838,1282,27468,93898,lowland ,1,2023-08-29 13:00:02,1,
358,29840,1282,27468,93899,Trees important for helping clean the air but can blow down in storms so need to be careful near dwellings,1,2023-08-29 13:02:19,7,"dwelling,air"
359,29841,1282,27469,93899,Trees welcome everywhere except very close to dwelling houses,1,2023-08-29 13:03:56,9,
363,29845,1282,27468,93903,Increase the number of trees in the areas currently wooded. Leave the higher areas to nature. This is probably what you would do anyway.,1,2023-08-29 13:11:07,8,
368,29850,1282,27468,93904,Trees at high elevation,1,2023-08-29 13:33:40,7,
370,29852,1282,27469,93904,farmland,1,2023-08-29 13:34:10,5,farmland
372,29854,1282,27468,93905,"more trees where possible is good, as long as they are not detrimental to the environment in any way.",1,2023-08-29 13:36:40,6,
373,29855,1282,27468,93906,"I believe we need more trees around the lakes for better views and nicer walks, I also think we need to plant more trees around the base of the hills it looks nice, we shouldn't put to many trees too high up the hills as it will obstruct views from the top",1,2023-08-29 13:37:18,8,lake
374,29856,1282,27469,93906,it will obstruct views from the top of the hills.,1,2023-08-29 13:38:11,8,
379,29861,1282,27469,93909,,1,2023-08-29 13:48:16,10,
382,29864,1282,27468,93913,,1,2023-08-29 14:00:21,7,
385,29867,1282,27469,93913,None on the footpaths but on the side of them is fine.,1,2023-08-29 14:03:24,9,
388,29870,1282,27469,93912,you should be able to see all the beauty of the mountains ,1,2023-08-29 14:05:21,7,
390,29872,1282,27468,93910,Placed in built areas. ,1,2023-08-29 14:06:17,5,
392,29874,1282,27469,93910,Surrounding bodies of water. ,1,2023-08-29 14:06:57,5,
393,29875,1282,27468,93914,Mostly trees where there are none. Trees important for environment.,1,2023-08-29 14:10:18,10,
394,29876,1282,27469,93914,Just along main road for safety. ,1,2023-08-29 14:11:02,10,"road,safety"
399,29881,1282,27468,93917,there is already alot of trees around this area ,1,2023-08-29 14:43:49,4,
400,29882,1282,27469,93917,we feel that all the trees will block the views of the mountains and lakes,1,2023-08-29 14:47:41,9,lake
403,29885,1282,27468,93920," more in farmers fields 10% of the field apparently this is ongoing, more where there are none for pollution preveniotn ",1,2023-08-29 15:05:00,9,"pollution,farmer"
404,29886,1282,27469,93920,no more on the isalnd to stop overgrowth of habitats underneath and inot the water habitat ,1,2023-08-29 15:06:01,2,"habitat,isalnd"
408,29890,1282,27468,93916,,1,2023-08-29 15:08:12,9,
410,29892,1282,27468,93921,On the farms if there are animal farms. ,1,2023-08-29 15:09:34,6,farm
413,29895,1282,27468,93922,,1,2023-08-29 15:14:12,5,
416,29898,1282,27468,93926,Areas where we might need to prevent erosion ,1,2023-08-29 15:22:15,2,
417,29899,1282,27469,93926,Tops of mountains and near to the village as this would affect the views (sounds selfish I know!) ,1,2023-08-29 15:23:37,4,village
424,29906,1282,27469,93948,Not on open fells,1,2023-08-30 09:54:09,10,
425,29907,1282,27468,93950,in valleys,1,2023-08-30 09:54:55,7,
428,29910,1282,27468,93952,I would like more trees in the valleys. I don't think that it is practical to put trees in the fields which are used for hay or silage or grazing.,1,2023-08-30 10:06:48,5,grazing
429,29911,1282,27469,93952,I enjoy the view from the tops of the hills. I don't want trees up there.,1,2023-08-30 10:07:56,5,
436,29918,1282,27468,93954,I want more trees because I want less Carbon Dioxide,1,2023-08-30 10:24:21,10,
441,29923,1282,27468,93958,,1,2023-08-30 10:40:29,6,
442,29924,1282,27468,93956,,2,2023-08-30 10:42:39,6,
443,29925,1282,27468,93956,,3,2023-08-30 10:43:45,5,
449,29931,1282,27468,93965,anywhere its possible to plant it for oxygen,1,2023-08-30 12:44:01,6,oxygen
450,29932,1282,27469,93965,not in human  habitats,1,2023-08-30 12:44:56,3,habitat
453,29935,1282,27468,93969,More trees as the natural habitat for the conservation of the red squirrels near allan bank,1,2023-08-30 13:14:57,8,"conservation,habitat"
455,29937,1282,27469,93969,Just the concern of trees falling into the road during the winter ,1,2023-08-30 13:15:59,7,road
457,29939,1282,27468,93960,I feel there are lots trees as there is,1,2023-08-30 13:20:37,6,
460,29942,1282,27468,93970,expand areas on lower levels,1,2023-08-30 13:40:00,6,
462,29944,1282,27469,93970,"not on hill tops, not on road side - creates danger to traffic",1,2023-08-30 13:41:01,5,road
464,29946,1282,27468,93971,Where there is a low likelihood of human interference and low impact on the habitat i.e. grassland,1,2023-08-30 13:43:43,10,"interference,habitat"
465,29947,1282,27469,93971,This looks like arable land which is important for our country.,1,2023-08-30 13:44:19,5,
467,29949,1282,27468,93973,everywhere except fell tops,2,2023-08-30 13:52:05,8,
470,29952,1282,27468,93974,Not too close to residential areas.,1,2023-08-30 14:14:00,7,
471,29953,1282,27469,93974,Not close to houses,1,2023-08-30 14:14:59,8,
475,29957,1282,27468,93972,Higher areas of the landscape although this would change the character of the area.,1,2023-08-30 14:36:39,4,
477,29959,1282,27469,93972,Around the lake as this would impact on views.,1,2023-08-30 14:37:20,7,lake
478,29960,1282,27468,93975,I think that planting trees is necessary for climate reasons. But it will change the landscape  and make it less attractive. Higher ground planting is preferable,1,2023-08-30 14:40:07,9,climate
479,29961,1282,27469,93975,I think that more trees near to the village would spoil the beauty of the village and the views of the lakes.,1,2023-08-30 14:42:57,7,"village,lake"
484,29966,1282,27468,93977,help flood mitigatiom,1,2023-08-30 14:56:48,6,flood
485,29967,1282,27469,93977,they do not need it,1,2023-08-30 14:58:57,6,
488,29975,1282,27468,94002,little bit more woodland for habitat at a couple of areas for wind breaks and to help with soil erosion,1,2023-08-31 10:35:20,10,habitat
490,29977,1282,27469,94002,"on the tops of the mountains, habitat isn't suitable with current climate",1,2023-08-31 10:36:14,9,climate
492,29979,1282,27468,94003,,1,2023-08-31 10:36:48,3,
495,29982,1282,27468,94005,around the base and sides of the surrounding mountains,1,2023-08-31 10:42:03,6,
498,29985,1282,27468,94007,"I should like to see more trees at the bottom of the pikes/mountains so they don't interfere with the views but also in the area, the soil won't always permit the growth of trees",1,2023-08-31 10:50:59,6,
499,29986,1282,27469,94007,"Will interfere with the character of the place greatly if trees are planted at the top or on the pikes, possibly affecting tourism in the area.",1,2023-08-31 10:52:26,7,
503,29990,1282,27468,94010,I'd like the landscape here to be wilder and more biodiverse and I think trees would support that. I've tried to leave the high fells clearer because the views are so amazing from there.,1,2023-08-31 11:03:14,7,biodiverse
504,29991,1282,27469,94010,Trying to keep some areas clear for high level views. Maybe also to allow sheep farming in some areas if it can be compatible with more biodiversity,1,2023-08-31 11:05:10,7,"farming,biodiversity"
506,29993,1282,27468,94006,"near and along all rivers. helping to prevent flooding and scattered to minimise erossion.
cover to wildlife.
homes for wildlife.
",1,2023-08-31 11:11:16,6,"river,wildlife,flooding,erossion"
509,29996,1282,27468,94011,More single trees in farmland,1,2023-08-31 11:18:38,8,farmland
514,30001,1282,27468,94012,I prefer mountains with trees ,1,2023-08-31 11:48:15,9,
515,30002,1282,27468,94013,,1,2023-08-31 11:48:42,5,
518,30005,1282,27468,94017,It is perfect as it is. More trees would make the landscape a little less dramatic.,1,2023-08-31 11:58:58,5,
522,30009,1282,27468,94016,soften manmade spaces and poor planning decisions,1,2023-08-31 12:16:05,7,
523,30010,1282,27469,94016,private housing estates need to be more sympathetic  ,1,2023-08-31 12:17:14,6,housing
525,30012,1282,27468,94018,"Maybe at lower level around the lakes, at higher level i feel they should be left to grow naturally.",1,2023-08-31 12:21:21,7,lake
526,30013,1282,27469,94018,Areas i have marked i feel should be left for areas of natural growth.,1,2023-08-31 12:22:55,7,
529,30016,1282,27468,94021,,1,2023-08-31 12:41:33,2,
530,30017,1282,27469,94021,To maintain the views from Allan Banks and from the village,1,2023-08-31 12:42:15,5,village
533,30020,1282,27468,94020,,1,2023-08-31 12:44:42,5,
538,30025,1282,27468,94022,More trees on the lower areas ,1,2023-08-31 12:58:36,7,
540,30027,1282,27468,94023,Trees help to prevent erosion and flooding,1,2023-08-31 13:03:33,7,flooding
542,30029,1282,27468,94014,"As before... rescaping is necessary to ensure sustainability, support he slowing of climate change and ultimately preserve the landscape and region",1,2023-08-31 13:09:05,9,"sustainability,climate"
545,30032,1282,27468,94024,"expand existing areas of woodland, rather than plantng on open fells",1,2023-08-31 13:13:21,9,
546,30033,1282,27469,94024,we need open fells ,1,2023-08-31 13:14:22,10,
550,30037,1282,27468,94028,everywhere because the sheep have eaten so much vegetation,1,2023-08-31 13:30:39,9,sheep
553,30040,1282,27468,94029,Focusing on upland areas to slow the flow of water and reduce flooding further downstream,1,2023-08-31 13:49:44,7,
554,30041,1282,27469,94029,In the village,1,2023-08-31 13:50:23,7,village
557,30044,1282,27468,94030,"slight expansion of exsiting forest areas (need more trees!), but valuing that also need to maintain high ground & variety of habitats",1,2023-08-31 14:00:15,9,"expansion,habitat"
558,30045,1282,27469,94030,"some areas unstuiable, maintaining farmland (local income)",1,2023-08-31 14:01:21,5,farmland
561,30048,1282,27468,94027,I'm guessing that you wouldn't be able to increase the number of trees at the highest points so I have sprayed around the wooded areas where I think these might be able to be made larger areas of trees.,1,2023-08-31 14:10:26,7,
562,30049,1282,27469,94027,I really don't know - I don't mind there being more trees in the landscape so I wouldn't say there's anywhere I wouldn't want trees apart for the lakes.,1,2023-08-31 14:12:44,6,lake
567,30054,1282,27468,94032,"An idealist answer, but anywhere there is farming. ",1,2023-08-31 15:30:05,6,
568,30055,1282,27468,94031,Possibly on the slopes to slow water run off and stablelise some slopes.  Also to help prevent flood risk.  Tasked a bit of science to work this out so my spraying is just a guese,1,2023-08-31 15:30:52,8,flood
569,30056,1282,27469,94032,Where they would not be welcome. ,1,2023-08-31 15:30:54,6,
570,30057,1282,27469,94031,Where they wont survive or are the wrong species for the area.,1,2023-08-31 15:31:54,9,
575,30065,1282,27468,94210,Fill out existing tree areas/replace fallen trees,1,2023-09-05 09:50:57,2,
580,30070,1282,27469,94212,it make feel like am in the country side,1,2023-09-05 09:58:47,10,
581,30071,1282,27468,94211,more land cover,3,2023-09-05 09:59:27,4,
582,30072,1282,27469,94211,natural view,1,2023-09-05 09:59:53,3,
587,30077,1282,27468,94213,"More wooded around around water - better for visitors, animals and nature. ",1,2023-09-05 10:08:56,9,nature
588,30078,1282,27469,94213,"Open land has its value - and leaving as is, is just fine and doesn't need altering from what eons have 'said' is how it should be. ",1,2023-09-05 10:10:32,8,
589,30079,1282,27468,94214,preserve the lakes for future ,1,2023-09-05 10:10:36,5,lake
596,30086,1282,27468,94215,I chose to build on the existing forested areas,1,2023-09-05 11:05:25,7,
597,30087,1282,27468,94217,"Nowhere specific, but they could be where they have ecological use, for example the help reduce flooding by trapping water on hillsides.  however they should be planted in such a way as to not destroy visual amenity, as for example happens when vast swathes of coniferous forest are planted.",1,2023-09-05 11:09:43,5,flooding
598,30088,1282,27469,94217,Anywhere they completely destroy the visual amenity.  See previous answer.,1,2023-09-05 11:10:30,9,
607,30097,1282,27468,94218,Infill exiting trees,1,2023-09-05 11:51:18,7,
609,30099,1282,27469,94218,Preserve open moorland/fells,1,2023-09-05 11:52:49,8,moorland
612,30102,1282,27468,94219,not sure. would planting on hillsides prevent runoff and flooding downstream?,1,2023-09-05 11:57:08,4,"runoff,flooding"
613,30103,1282,27469,94219,Around edges of lakes- might make access difficult,1,2023-09-05 11:58:11,4,lake
622,30137,1282,27468,94249,Areas chosen link to a walk familiar to me.,1,2023-09-05 13:42:52,4,
624,30139,1282,27469,94249,Mainly on hillsides and fells where perhaps they would not be suited and wouldn't thrive.,1,2023-09-05 13:44:07,6,
625,30140,1282,27468,94240,I understand thatbecause of land use biodiversity has sufferred and more native tree planting could help rectify this. Howevr I have also concern for the struggles of hill farmers who have such a deep understanding of the natural world and historic ways of animal husbandry,1,2023-09-05 13:49:16,5,"farmer,biodiversity"
626,30141,1282,27469,94240,Not certain about this at all. Hiill top silhoouettes are very grand and impresssive,1,2023-09-05 13:51:10,1,"hiill,silhoouettes"
629,30144,1282,27468,94253,Basically any area where nature-friendly farming is appropriate.  A woodland-pasture type managed and scape.  Density to vary to make a varied and interesing landscape.,1,2023-09-05 15:30:13,10,"farming,pasture,nature"
630,30145,1282,27469,94253,Lowland grazing areas should be retained as grassland (flat land being rare!) (but managed for biodiversity - e.g. restoration of hay meadows).,1,2023-09-05 15:33:25,10,"meadow,biodiversity"
633,30148,1282,27468,94275,lower slopes,1,2023-09-06 09:46:55,8,
636,30151,1282,27468,94277,"difficult one, never actually thought about if we need more trees in specific areas",1,2023-09-06 10:13:57,2,
637,30152,1282,27469,94277,,1,2023-09-06 10:14:56,5,
640,30155,1282,27468,94286,"Reforest 
",1,2023-09-06 11:25:21,8,
645,30160,1282,27468,94292,,1,2023-09-06 11:36:12,5,
646,30161,1282,27469,94292,Forestry land that is used for logging but spoil the outlook.,1,2023-09-06 11:37:38,4,
648,30163,1282,27468,94282,more individual trees in cultivated landscape and more dense planting in ,1,2023-09-06 11:38:23,6,
650,30165,1282,27468,94291,"More natural woodland rather than farmland to return this wonderful landscape back to its ""original"" state.",1,2023-09-06 11:41:19,7,
655,30170,1282,27469,94298,I would like to see areas that are at the moment treeless to remain so.,1,2023-09-06 11:55:16,8,
656,30171,1282,27468,94297,"There already looks like a lot of trees but maybe place extra ones around the water where they can help wildlife. Providing lots of buildings are built causing trees to be destroyed.
Trees may not grow on hill tops due to weather???",1,2023-09-06 11:57:46,10,building
657,30172,1282,27469,94297,Farming areas as these are important for food production.,1,2023-09-06 11:58:38,10,food
660,30175,1282,27468,94295,"More trees on the loqwwer fells wuld be great, help to hold back the rain and reduce floos=ding. ",1,2023-09-06 12:05:07,10,floos
661,30176,1282,27469,94295,You can't have too many trees! Just not in the lakes themselves!!,1,2023-09-06 12:05:59,10,lake
666,30181,1282,27468,94306,,1,2023-09-06 12:36:20,3,
667,30182,1282,27469,94306,,1,2023-09-06 12:36:45,4,
672,30187,1282,27468,94305,To enhance air quality and to combat air pollution,1,2023-09-06 13:33:24,6,"pollution,air"
673,30188,1282,27468,94307,Trees will enhance the landscape preventing soil erosion. And provide habitat for native animals.,1,2023-09-06 13:34:40,7,habitat
674,30189,1282,27469,94305,Surrounding lakes as this would make access difficult and obscure the wonderful view,1,2023-09-06 13:34:53,10,lake
675,30190,1282,27469,94307,Cant put too many trees in the built up areas. And would not want too many trees spoiling views of lakes.,1,2023-09-06 13:37:21,6,lake
678,30193,1282,27468,94308,"Difficult question to answer, as I don't know which areas are best for planting more trees so a guess really.",1,2023-09-06 14:22:16,2,
683,30198,1282,27468,94310,,1,2023-09-06 14:52:35,6,
684,30199,1282,27468,94309,more on forestry area,1,2023-09-06 14:53:28,8,
688,30203,1282,27468,94313,Not sure,1,2023-09-06 15:21:27,3,
693,30208,1282,27468,94334,More native trees where ever they would grow without agriculture,1,2023-09-07 10:16:54,7,agriculture
695,30210,1282,27468,94332,I'd like to see more trees around the edges of the lakes and bottom of the mountains.,1,2023-09-07 10:19:34,5,lake
696,30211,1282,27469,94332,I wouldn't like to see more trees higher up the mountains. I believe these would spoil the naturally shape and beauty of them. ,1,2023-09-07 10:21:29,10,
701,30216,1282,27468,94337,"I don't know the area well so can't say I have any opinions on where there should be more trees, not always possible to have trees on hills, Grasmere village seemed quite green already to me, always good to plant more trees though",1,2023-09-07 10:37:41,5,village
702,30217,1282,27468,94338,Anywhere were there should naturally be trees/ where trees have been cut down (think it would be good to see some new ones planted in the place where ones have been cut down so they don't just become single use and the ground is reusable - not sure if this is actually possible but would be good. ,1,2023-09-07 10:38:33,7,
703,30218,1282,27469,94337,"Not too familiar with the area so no strong opinions, too many trees on hillsides could potentially block nice views",1,2023-09-07 10:39:24,4,
706,30221,1282,27468,94340,more concentration say 50% coverage,1,2023-09-07 11:17:19,8,
707,30222,1282,27469,94340,the other 50%,1,2023-09-07 11:18:45,5,
710,30225,1282,27469,94341,"Tops of fells would make navigation more difficult and also, I expect, the trees would struggle to survive there. More trees on farmland may also not be great if that affects the farmers livelihoods, but if it were a sustainably managed transition, then that would be more acceptable. ",1,2023-09-07 11:50:31,7,"farmland,farmer"
715,30245,1282,27469,94352,Would obscure a wonderful horizon,1,2023-09-07 12:13:36,7,
720,30264,1282,27468,94356,Largely the negative of question 1,1,2023-09-07 12:52:27,7,
721,30265,1282,27468,94354,Lower down on the hillsides and in the valleys where trees could grow.,1,2023-09-07 12:54:20,7,
722,30266,1282,27469,94356,Only the highest rockiest areas,1,2023-09-07 12:54:23,7,
725,30278,1282,27468,94363,"creating shelter, wildlife habitat",1,2023-09-07 13:25:35,9,"wildlife,habitat,shelter"
727,30280,1282,27469,94363,thin topsoil,1,2023-09-07 13:28:10,10,
732,30285,1282,27468,94372,More trees in the valley,1,2023-09-07 13:52:39,8,
733,30286,1282,27469,94372,On highest ground where they would struggle to grow,1,2023-09-07 13:53:57,7,
739,30292,1282,27468,94374,surrounding urban areas,1,2023-09-07 14:15:57,7,
740,30293,1282,27468,94375,Barren areas,1,2023-09-07 14:16:06,1,barren
741,30294,1282,27469,94374,,1,2023-09-07 14:16:52,7,
742,30295,1282,27469,94375,"If there are too many trees alongside the main road, the views would be restricted",1,2023-09-07 14:17:40,1,road
745,30298,1282,27468,94376,Additional tree planting is important but not to the extent of hiding the upper areas which whilst a product of man's activities are very attractive in their own right,1,2023-09-07 14:25:49,7,
747,30300,1282,27469,94376,As previously stated the higher points form dramatic parts of the landscape which are attractive and should be retained,1,2023-09-07 14:27:20,10,
748,30301,1282,27468,94377,trees soften the areas around towns,1,2023-09-07 14:28:45,5,
752,30305,1282,27468,94378,,1,2023-09-07 14:40:36,8,
759,30661,1282,27468,94565,"Probably on the lower slopes of the fells where trees were cleared in the past, but with gaps to keep open views of the hill tops",1,2023-09-12 09:50:03,7,
760,30662,1282,27469,94565,On the hill tops so that the ruggedness of the landscape is not lost,1,2023-09-12 09:51:34,9,
761,30663,1282,27468,94563,"Trees may not grow on the thin soil of the hilltops and moorland is valuable too, so trees on the lower slopes would e a good idea",1,2023-09-12 09:52:23,6,moorland
762,30664,1282,27469,94563,Around the viewpoints. On the highest slopes. I'm not sure where these views are on the map,1,2023-09-12 09:54:09,3,viewpoint
765,30667,1282,27468,94568,natural landscape,1,2023-09-12 10:08:22,4,
768,30670,1282,27469,94567,like to be able to see the lake from the road and around the lakes,1,2023-09-12 10:14:04,10,"road,lake"
771,30673,1282,27468,94569,Along main roads,1,2023-09-12 10:49:09,6,road
773,30676,1282,27468,94581,reloacing lost parkland and infeild planting and intake plantations,2,2023-09-12 11:18:55,10,
774,30677,1282,27469,94581,preserving the open commons and legibility of the agropastoral system: more smaller trees juniper for eg,1,2023-09-12 11:21:38,8,
779,30697,1282,27468,94582,On hedgerows.,1,2023-09-12 12:18:52,3,
780,30698,1282,27468,94577,To enhance the air quality of Grasmere Village and to limit the possibility of further building and development.,1,2023-09-12 12:19:49,10,"village,building,air"
781,30699,1282,27469,94577,"To enable visitors passing through to view the area to be able to appreciate the vistas of the lakes even if they don't stop to park (and clog the roads). Also, to enable walkers and residents to be able to enjoy walking lakeside easily. ",1,2023-09-12 12:23:21,10,"road,lake,vista"
784,30702,1282,27468,94590,trees are always a good idea.  they are the lungs of the planet but the planting needs to be native to the area and in keeping.  not industrial.,1,2023-09-12 14:06:17,10,
785,30703,1282,27469,94590,"The tops of hills and mountains have their own plants and ecology,  nature would have trees there if they were supposed to be there.",1,2023-09-12 14:09:23,10,nature
791,30709,1282,27468,94589,more woodland without impinging on current facilities/farming,1,2023-09-12 15:00:48,7,
793,30711,1282,27468,94596,,1,2023-09-12 15:02:28,10,
796,30724,1282,27468,94600,everywhere you can never had enough tree ,1,2023-09-12 15:22:43,10,
798,30726,1282,27469,94600,towns but you can still have trees as long as they meet with the landscape and don't effect residential buildings ,1,2023-09-12 15:24:33,4,building
800,30728,1282,27468,94598,Areas that have minimal impact on farming but still provide a habitat for wildlife.,1,2023-09-12 15:26:14,6,"wildlife,habitat"
804,30761,1282,27468,94626,The climate is warming and the more trees we have the better our chances are of cooling the area in the warmer months,2,2023-09-13 09:48:48,6,climate
806,30763,1282,27468,94625,Basically anywhere there's been deforestation! ,1,2023-09-13 09:51:53,8,
807,30764,1282,27469,94625,Lakes ha,1,2023-09-13 09:52:38,10,lakes
810,30767,1282,27469,94627,would obstruct view,1,2023-09-13 10:20:54,9,
815,30772,1282,27468,94628,happy to see forest areas extended not sure about lots of reforestration on hills and fells,1,2023-09-13 11:11:34,6,
816,30773,1282,27469,94628,not on fells or hill tops,1,2023-09-13 11:12:33,6,
821,30778,1282,27469,94634,Would like fells to allow animal grazing,1,2023-09-13 11:54:40,10,grazing
825,30782,1282,27468,94633,RETURN TO NATURAL HABITAT AND TRAPPING OF CABON.  ALSO INCREASE WILDLIFE HABITAT.,1,2023-09-13 12:12:20,8,"wildlife,cabon,habitat"
827,30784,1282,27468,94635,More trees generally ,1,2023-09-13 12:15:57,10,
832,30789,1282,27469,94636,Not needed. Many forested areas in the region,1,2023-09-13 14:37:37,7,
836,30793,1282,27468,94642,Everywhere really....,1,2023-09-13 14:45:00,8,
837,30794,1282,27469,94642,"high areas, good for views",1,2023-09-13 14:45:47,8,
839,30796,1282,27468,94643,"In general, I have picked areas that have already trees. My impression is that since these areas already have trees, it would be OK for these areas to have more trees, but I am not sure if this is a correct impressions. In general, I would love to see as many tress in our landscape as possible.",1,2023-09-13 14:51:52,3,
844,30801,1282,27469,94645,Lakeside,1,2023-09-13 15:25:58,4,lakeside
845,30802,1282,27468,94644,Historically there would be more trees on fells and trees are good for nature and reducing our carbon emissions.  ,1,2023-09-13 15:29:13,10,"emission,nature"
846,30803,1282,27469,94644,Trees should be welcome everywhere except maybe on the side of busy roads which in the increasing bad weather may cause safety issues ,1,2023-09-13 15:31:27,8,"road,safety"
850,30807,1282,27468,94670,Near civilisation to counteract carbon footprint,1,2023-09-14 09:46:52,9,civilisation
852,30809,1282,27469,94670,Spoil access to lakes,1,2023-09-14 09:47:44,8,
854,30811,1282,27468,94669,"Any additional trees etc would be valuable for the environment and creation of habitats, however, trees can block out the views of the landscape that people come to visit and enjoy the scenery. So I would suggest added trees to areas that already have some trees. ",1,2023-09-14 09:52:08,4,habitat
855,30812,1282,27469,94669,"As in the previous answer, I would not like to have more trees near the lakes etc as it may block out the scenery that people want to see and photograph. ",1,2023-09-14 09:53:24,7,lake
858,30815,1282,27469,94676,I would avoid trees by main roads to avoid potential damage and to keep good views,1,2023-09-14 10:09:03,5,road
861,30818,1282,27468,94677,like views from the top,1,2023-09-14 10:23:44,4,
862,30819,1282,27469,94677,same as qu 3,1,2023-09-14 10:24:18,5,
867,30824,1282,27468,94681,Most areas with the exception of lakes and mountain tops.,1,2023-09-14 10:34:07,6,lake
868,30825,1282,27468,94679,"Anywhere they will grow, which is probably mostly in the valleys",2,2023-09-14 10:34:51,8,
869,30826,1282,27469,94681,More trees would be suitable in all areas.,1,2023-09-14 10:35:08,9,
870,30827,1282,27469,94679,Keep some views open. Appalaichain-style trees covering the whole landscape is annoying.,1,2023-09-14 10:36:47,4,
873,30830,1282,27468,94684,Everywhere really,1,2023-09-14 11:35:50,5,
876,30833,1282,27468,94691,"I love trees, and the need for more trees, but understand the dilemma between more trees and farmland. I think a compromise needs to be made - maybe more trees naturalising along the edges of existing woodland?",1,2023-09-14 12:39:23,5,farmland
878,30835,1282,27469,94691,"I think some green spaces around towns and villages are needed for people to access, walk etc. Also around lakeshores and mountain ridges, so the views can still be seen?",1,2023-09-14 12:41:37,5,"lakeshore,village,ridge"
880,30837,1282,27468,94690,"only in low lying areas as there is a need for grazing for farmed animals
Also to make woodland more continuous to enable organisms to find protection in continuous habitat",1,2023-09-14 12:46:29,8,habitat
881,30838,1282,27469,94690,"Would not like to see the fells wooded as this would be
excessive forestation
reduce biodiversity
there is always a case for management 
rewilding could happen naturally via succession in chosen areas rather than by specific planting",1,2023-09-14 12:50:30,9,"biodiversity,rewilding"
886,30843,1282,27468,94697,"Above the present treeline on the slopes of hills and mountains, but without obscuring the peaks.",1,2023-09-14 13:18:05,2,
887,30844,1282,27468,94696,,1,2023-09-14 13:18:14,5,
888,30845,1282,27469,94696,,1,2023-09-14 13:19:01,4,
891,30848,1282,27468,94700,"I feel around waterscapes and lower fell ground would be a good position for more trees, to provide more shelter and spaces for nature. ",1,2023-09-14 13:47:29,9,"waterscape,nature,shelter"
895,30852,1282,27468,94701,"around the lakes, lower fells",1,2023-09-14 14:31:32,6,lake
897,30854,1282,27468,94699,Extending the tree line on the lower slopes,1,2023-09-14 14:35:56,7,
898,30855,1282,27469,94699,Need to retain some farmland and recreational open space in the valleys around the villages,1,2023-09-14 14:38:14,8,"village,farmland"
901,30858,1282,27468,94703,Additional trees at lower levels would be good but I wouldn't remove agricultural land for tree planting.,2,2023-09-14 15:19:09,9,
